0,Emma
0,Lea
0,Jade
0,Manon
0,Chloe
0,Ines
0,Camille
0,Clara
0,Sarah
0,Lola
0,Zoe
0,Louise
0,Eva
0,Anais
0,Lilou
0,Maelys
0,Lucie
0,Romane
0,Lena
0,Lina
0,Oceane
0,Juliette
0,Louna
0,Marie
0,Celia
0,Mathilde
0,Julie
0,Jeanne
0,Lisa
0,Noemie
0,Lou
0,Charlotte
0,Clemence
0,Laura
0,Ambre
0,Pauline
0,Alicia
0,Maeva
0,Justine
0,Louane
0,Luna
0,Maelle
0,Margot
0,Lily
0,Alice
0,Lana
0,Elisa
0,Elsa
0,Julia
0,Margaux
0,Rose
0,Emilie
0,Elise
0,Leane
0,Leonie
0,Marion
0,Melina
0,Anna
0,Melissa
0,Nina
0,Agathe
0,Eloise
0,Sara
0,Yasmine
0,Morgane
0,Amandine
0,Faustine
0,Kenza
0,Valentine
0,Carla
0,Candice
0,Loane
0,Marine
0,Elena
0,Lise
0,Gabrielle
0,Capucine
0,Olivia
0,Sofia
0,Victoria
0,Salome
0,Meline
0,Ninon
0,Maya
0,Angelina
0,Adele
0,Cloe
0,Heloise
0,Amelie
0,Leana
0,Maissa
0,Elea
0,Cassandra
0,Emy
0,Aya
0,Andrea
0,Mila
0,Fanny
0,Lyna
1,Lucas
1,Enzo
1,Nathan
1,Mathis
1,Louis
1,Hugo
1,Maxime
1,Jules
1,Thomas
1,Tom
1,Raphael
1,Gabriel
1,Matheo
1,Theo
1,Noah
1,Ethan
1,Clement
1,Yanis
1,Arthur
1,Leo
1,Paul
1,Antoine
1,Evan
1,Adam
1,Baptiste
1,Alexandre
1,Axel
1,Quentin
1,Noa
1,Alexis
1,Mael
1,Maxence
1,Timeo
1,Nolan
1,Noe
1,Sacha
1,Valentin
1,Romain
1,Mohamed
1,Rayan
1,Kylian
1,Matteo
1,Esteban
1,Mathys
1,Victor
1,Samuel
1,Gabin
1,Martin
1,Simon
1,Pierre
1,Lorenzo
1,Julien
1,Matthieu
1,Adrien
1,Benjamin
1,Lenny
1,Titouan
1,Nicolas
1,Aaron
1,Dylan
1,Corentin
1,Mathias
1,Tristan
1,Robin
1,Amine
1,Bastien
1,Antonin
1,Ilyes
1,Florian
1,Eliott
1,Erwan
1,Ilan
1,Anthony
1,Lilian
1,Louka
1,Mateo
1,Dorian
1,Liam
1,Rafael
1,Thibault
1,Kevin
1,Noam
1,Gaspard
1,William
1,Jean
1,Marius
1,Oscar
1,Luca
1,Mehdi
1,Ryan
1,Killian
1,Diego
1,David
1,Guillaume
1,Sofiane
1,Nael
1,Yann
1,Kenzo
1,Remi
1,Eliot